<ArrayOfSourceGame.track xmlns:i="http://www.w3.org/2001/XMLSchema-instance" xmlns="http://schemas.datacontract.org/2004/07/SLAM"><SourceGame.track><endpos>0</endpos><hotkey>F2</hotkey><name>Ayuda</name><startpos>0</startpos><tags xmlns:d3p1="http://schemas.microsoft.com/2003/10/Serialization/Arrays"><d3p1:string>Ayuda</d3p1:string></tags><volume>100</volume></SourceGame.track><SourceGame.track><endpos>0</endpos><hotkey>F3</hotkey><name>Follow</name><startpos>0</startpos><tags xmlns:d3p1="http://schemas.microsoft.com/2003/10/Serialization/Arrays"><d3p1:string>Follow</d3p1:string></tags><volume>100</volume></SourceGame.track><SourceGame.track><endpos>0</endpos><hotkey>F1</hotkey><name>Hi</name><startpos>0</startpos><tags xmlns:d3p1="http://schemas.microsoft.com/2003/10/Serialization/Arrays"><d3p1:string>Hi</d3p1:string></tags><volume>100</volume></SourceGame.track><SourceGame.track><endpos>0</endpos><hotkey>F7</hotkey><name>Minors</name><startpos>0</startpos><tags xmlns:d3p1="http://schemas.microsoft.com/2003/10/Serialization/Arrays"><d3p1:string>Minors</d3p1:string></tags><volume>100</volume></SourceGame.track><SourceGame.track><endpos>0</endpos><hotkey>ALT</hotkey><name>Operational</name><startpos>0</startpos><tags xmlns:d3p1="http://schemas.microsoft.com/2003/10/Serialization/Arrays"><d3p1:string>Operational</d3p1:string></tags><volume>100</volume></SourceGame.track><SourceGame.track><endpos>0</endpos><hotkey>F8</hotkey><name>Sick</name><startpos>0</startpos><tags xmlns:d3p1="http://schemas.microsoft.com/2003/10/Serialization/Arrays"><d3p1:string>Sick</d3p1:string></tags><volume>100</volume></SourceGame.track><SourceGame.track><endpos>0</endpos><hotkey>F4</hotkey><name>Stay calm</name><startpos>0</startpos><tags xmlns:d3p1="http://schemas.microsoft.com/2003/10/Serialization/Arrays"><d3p1:string>Stay</d3p1:string><d3p1:string>calm</d3p1:string></tags><volume>100</volume></SourceGame.track><SourceGame.track><endpos>0</endpos><hotkey>F5</hotkey><name>Thank me later</name><startpos>0</startpos><tags xmlns:d3p1="http://schemas.microsoft.com/2003/10/Serialization/Arrays"><d3p1:string>Thank</d3p1:string><d3p1:string>me</d3p1:string><d3p1:string>later</d3p1:string></tags><volume>100</volume></SourceGame.track><SourceGame.track><endpos>0</endpos><hotkey>F9</hotkey><name>This was a test!</name><startpos>0</startpos><tags xmlns:d3p1="http://schemas.microsoft.com/2003/10/Serialization/Arrays"><d3p1:string>This</d3p1:string><d3p1:string>was</d3p1:string><d3p1:string>a</d3p1:string><d3p1:string>test!</d3p1:string></tags><volume>100</volume></SourceGame.track><SourceGame.track><endpos>0</endpos><hotkey>F6</hotkey><name>Warning!</name><startpos>0</startpos><tags xmlns:d3p1="http://schemas.microsoft.com/2003/10/Serialization/Arrays"><d3p1:string>Warning!</d3p1:string></tags><volume>100</volume></SourceGame.track></ArrayOfSourceGame.track>